{
  "npu_run": 1268.4862380920094,
  "iron_alloc": 0,
  "pack": 0,
  "fuse": 0,
  "numpy": 37.93607366242213,
  "cpu_layers": 61.090735496691195,
  "launch_gap": 391.58078627224313,
  "pre_post": 322.08790297590895,
  "wall_ms": 2081.181736499275,
  "n_launches": 567
}