{
  "npu_run": 1269.2467940044783,
  "iron_alloc": 0,
  "pack": 0,
  "fuse": 0,
  "numpy": 36.4676174892035,
  "cpu_layers": 56.60995765720145,
  "launch_gap": 386.2890623834877,
  "pre_post": 298.5816044662595,
  "wall_ms": 2047.1950360006304,
  "n_launches": 495
}