{
  "npu_run": 1275.2044884909992,
  "iron_alloc": 183.34309931378812,
  "pack": 0,
  "fuse": 0,
  "numpy": 35.12117749778554,
  "cpu_layers": 56.169632960518356,
  "launch_gap": 380.6865311344154,
  "pre_post": 317.5127510985476,
  "wall_ms": 2248.0376804960542,
  "n_launches": 567
}