{
  "npu_run": 1086.1287647033653,
  "iron_alloc": 0,
  "pack": 0,
  "fuse": 0,
  "numpy": 34.13076046975524,
  "cpu_layers": 51.30170150005142,
  "launch_gap": 404.356627510424,
  "pre_post": 293.09464815014525,
  "wall_ms": 1869.0125023337412,
  "n_launches": 453
}